{
    "../repos/guidance-main\\setup.py": [
        {
            "io_method": "open",
            "lineno": 9,
            "artefact_location": "Error::Call::Call(func=<Attribute.join l.9 at 0x2d0511ec0d0>,\n     args=[<Name.here l.9 at 0x2d051246c90>, <Starred l.9 at 0x2d051246cd0>],\n     keywords=[])",
            "artefact_type": "input",
            "weight": 1
        }
    ],
    "../repos/guidance-main\\guidance\\_program.py": [
        {
            "io_method": "open",
            "lineno": 26,
            "artefact_location": "Error::UninferableBase::Uninferable",
            "artefact_type": "input",
            "weight": 1
        }
    ],
    "../repos/guidance-main\\guidance\\_utils.py": [
        {
            "io_method": "open",
            "lineno": 16,
            "artefact_location": "log.txt",
            "artefact_type": "input",
            "weight": 1
        },
        {
            "io_method": "open",
            "lineno": 44,
            "artefact_location": "Error::UninferableBase::Uninferable",
            "artefact_type": "input",
            "weight": 1
        }
    ],
    "../repos/guidance-main\\guidance\\__init__.py": [
        {
            "io_method": "open",
            "lineno": 34,
            "artefact_location": "Error::UninferableBase::Uninferable",
            "artefact_type": "input",
            "weight": 1
        }
    ],
    "../repos/guidance-main\\guidance\\llms\\_azure_openai.py": [
        {
            "io_method": "open",
            "lineno": 37,
            "artefact_location": "Error::InferenceError::Could not infer the value for os.path.join(platformdirs.user_cache_dir('guidance'), '_azure_openai.token')",
            "artefact_type": "input",
            "weight": 1
        },
        {
            "io_method": "open",
            "lineno": 72,
            "artefact_location": "Error::InferenceError::Could not infer the value for os.path.join(platformdirs.user_cache_dir('guidance'), '_azure_openai.token')",
            "artefact_type": "input",
            "weight": 1
        }
    ],
    "../repos/guidance-main\\guidance\\llms\\_openai.py": [
        {
            "io_method": "open",
            "lineno": 79,
            "artefact_location": "Error::UninferableBase::Uninferable",
            "artefact_type": "input",
            "weight": 1
        },
        {
            "io_method": "open",
            "lineno": 95,
            "artefact_location": "Error::UninferableBase::Uninferable",
            "artefact_type": "input",
            "weight": 1
        },
        {
            "io_method": "open",
            "lineno": 99,
            "artefact_location": "Error::UninferableBase::Uninferable",
            "artefact_type": "input",
            "weight": 1
        }
    ],
    "../repos/guidance-main\\guidance\\llms\\_transformers.py": [
        {
            "io_method": "open",
            "lineno": 26,
            "artefact_location": "Error::UninferableBase::Uninferable",
            "artefact_type": "input",
            "weight": 1
        }
    ]
}